Headline,Sentiment,Score,Published
The best PC hardware and software of 2025/2026,Positive,1.0,2025-11-10T11:30:00Z
"Elon Musk Plans Tesla ‘Terafab’ for AI Chips, Hints at Intel Deal to Shake Up Global Chip Industry",Neutral,0.0,2025-11-10T11:29:39Z
Warren Buffett's Net Worth Surges as Berkshire Hathaway Stock Gains Amid Wall Street AI Concerns,Positive,0.15,2025-11-10T11:27:59Z
"Monday.Com, Metsera, Profrac Holding And Other Big Stocks Moving Lower In Monday's Pre-Market Session",Neutral,-0.062,2025-11-10T11:23:13Z
President Trump’s Tariff Dividends Could Juice the Stock Market Just Like Pandemic Stimulus Checks,Neutral,0.0,2025-11-10T11:22:40Z
Lenskart shares seesaw on debut: Here’s how new-age stocks fared on Day 1,Neutral,0.0,2025-11-10T11:22:34Z
Daily – Vickers Top Insider Picks for 11/10/2025,Positive,0.25,2025-11-10T11:21:43Z
Daily – Vickers Top Buyers & Sellers for 11/10/2025,Positive,0.25,2025-11-10T11:21:43Z
A Fresh Look at Campbell Soup’s (CPB) Valuation Following Recent Share Activity,Neutral,0.1,2025-11-10T11:16:38Z
Aeries Technology Extends Profitability in Q2 FY2026; Strongest First Half in Company History Driven by AI-Led GCC Growth,Neutral,0.042,2025-11-10T11:15:00Z
